record_from,record_to,cos_distance
1,2,[[0.94064586]]
1,3,[[0.33521402]]
1,4,[[0.36394833]]
1,5,[[0.37800087]]
1,6,[[0.32012737]]
1,7,[[0.36574511]]
1,8,[[0.34020745]]
1,14,[[0.37795013]]
1,15,[[0.37174076]]
1,16,[[0.38510386]]
1,17,[[0.35433459]]
1,18,[[0.37591106]]
1,19,[[0.29220043]]
1,20,[[0.2350072]]
1,21,[[0.30562672]]
1,22,[[0.2570484]]
1,28,[[0.34059344]]
1,29,[[0.35807813]]
1,31,[[0.3333946]]
1,32,[[0.32543186]]
1,33,[[0.35794895]]
1,34,[[0.3533418]]
1,37,[[0.29846835]]
1,38,[[0.24172669]]
1,39,[[0.27347202]]
1,40,[[0.81603533]]
1,41,[[0.92442589]]
1,42,[[0.93909099]]
1,46,[[0.29594337]]
1,47,[[0.28734519]]
1,48,[[0.29611036]]
1,49,[[0.29935817]]
1,50,[[0.24559646]]
1,56,[[0.283172]]
1,57,[[0.24207455]]
1,58,[[0.33278786]]
1,69,[[0.34805819]]
1,70,[[0.34256981]]
1,71,[[0.30328369]]
1,72,[[0.38980947]]
1,73,[[0.37918577]]
1,74,[[0.32507199]]
1,75,[[0.4019852]]
1,87,[[0.25293853]]
1,88,[[0.25945239]]
1,89,[[0.26027078]]
1,90,[[0.16652219]]
1,91,[[0.24506008]]
1,95,[[0.31819882]]
1,96,[[0.38051359]]
1,97,[[0.37243502]]
1,98,[[0.35592542]]
1,99,[[0.3676492]]
2,3,[[0.37096722]]
2,4,[[0.36383925]]
2,5,[[0.40821964]]
2,6,[[0.32503353]]
2,7,[[0.38234323]]
2,8,[[0.36310395]]
2,14,[[0.34636621]]
2,15,[[0.32579771]]
2,16,[[0.34500616]]
2,17,[[0.31096872]]
2,18,[[0.39421131]]
2,19,[[0.31734835]]
2,20,[[0.24851731]]
2,21,[[0.32711089]]
2,22,[[0.32704138]]
2,28,[[0.38685753]]
2,29,[[0.43097678]]
2,31,[[0.31271549]]
2,32,[[0.31421038]]
2,33,[[0.33816498]]
2,34,[[0.34448559]]
2,37,[[0.39501937]]
2,38,[[0.31769266]]
2,39,[[0.34577035]]
2,40,[[0.89658563]]
2,41,[[0.98567952]]
2,42,[[0.9778213]]
2,46,[[0.25112079]]
2,47,[[0.23505441]]
2,48,[[0.24520609]]
2,49,[[0.2510016]]
2,50,[[0.21714366]]
2,56,[[0.35284436]]
2,57,[[0.30428611]]
2,58,[[0.40289623]]
2,69,[[0.35166429]]
2,70,[[0.35695351]]
2,71,[[0.31414921]]
2,72,[[0.38057498]]
2,73,[[0.36532992]]
2,74,[[0.40067096]]
2,75,[[0.44206299]]
2,87,[[0.39027846]]
2,88,[[0.41717882]]
2,89,[[0.42668037]]
2,90,[[0.22771866]]
2,91,[[0.3786872]]
2,95,[[0.23994664]]
2,96,[[0.30343271]]
2,97,[[0.28779394]]
2,98,[[0.28831531]]
2,99,[[0.30376344]]
3,4,[[0.92292654]]
3,5,[[0.37493189]]
3,6,[[0.39345222]]
3,7,[[0.40642039]]
3,8,[[0.35365326]]
3,14,[[0.35738174]]
3,15,[[0.21159273]]
3,16,[[0.37457371]]
3,17,[[0.39059255]]
3,18,[[0.33287745]]
3,19,[[0.32677278]]
3,20,[[0.34476701]]
3,21,[[0.37323762]]
3,22,[[0.32730197]]
3,28,[[0.36152344]]
3,29,[[0.40491139]]
3,31,[[0.27706291]]
3,32,[[0.29345313]]
3,33,[[0.32513095]]
3,34,[[0.3210332]]
3,37,[[0.27977626]]
3,38,[[0.27561744]]
3,39,[[0.3288889]]
3,40,[[0.35241099]]
3,41,[[0.37792807]]
3,42,[[0.41001666]]
3,46,[[0.37705569]]
3,47,[[0.37601288]]
3,48,[[0.42824561]]
3,49,[[0.39081078]]
3,50,[[0.36902685]]
3,56,[[0.21216641]]
3,57,[[0.27100329]]
3,58,[[0.29666901]]
3,69,[[0.39366076]]
3,70,[[0.3777172]]
3,71,[[0.27657562]]
3,72,[[0.46025822]]
3,73,[[0.37972198]]
3,74,[[0.39587888]]
3,75,[[0.32899813]]
3,87,[[0.41722244]]
3,88,[[0.38882874]]
3,89,[[0.36592413]]
3,90,[[0.2362966]]
3,91,[[0.3573666]]
3,95,[[0.29647032]]
3,96,[[0.39400396]]
3,97,[[0.345043]]
3,98,[[0.33787738]]
3,99,[[0.31969385]]
4,5,[[0.39590017]]
4,6,[[0.43475045]]
4,7,[[0.42920838]]
4,8,[[0.36300681]]
4,14,[[0.35906961]]
4,15,[[0.29657192]]
4,16,[[0.37214738]]
4,17,[[0.39360238]]
4,18,[[0.2736563]]
4,19,[[0.33181505]]
4,20,[[0.33656983]]
4,21,[[0.36139705]]
4,22,[[0.30839438]]
4,28,[[0.39501496]]
4,29,[[0.39588879]]
4,31,[[0.36312403]]
4,32,[[0.28979236]]
4,33,[[0.32956167]]
4,34,[[0.32165785]]
4,37,[[0.32703445]]
4,38,[[0.334162]]
4,39,[[0.36671228]]
4,40,[[0.38719312]]
4,41,[[0.36912013]]
4,42,[[0.41816788]]
4,46,[[0.38381502]]
4,47,[[0.40153632]]
4,48,[[0.42401418]]
4,49,[[0.38627178]]
4,50,[[0.36740638]]
4,56,[[0.27927526]]
4,57,[[0.34368808]]
4,58,[[0.35656694]]
4,69,[[0.41314434]]
4,70,[[0.37640679]]
4,71,[[0.30164275]]
4,72,[[0.47850558]]
4,73,[[0.4009617]]
4,74,[[0.38489282]]
4,75,[[0.30534849]]
4,87,[[0.42576571]]
4,88,[[0.41623906]]
4,89,[[0.41170321]]
4,90,[[0.30725989]]
4,91,[[0.38190618]]
4,95,[[0.38119975]]
4,96,[[0.44672974]]
4,97,[[0.4115933]]
4,98,[[0.41070221]]
4,99,[[0.38160697]]
5,6,[[0.88403411]]
5,7,[[0.97824104]]
5,8,[[0.89390238]]
5,14,[[0.34295044]]
5,15,[[0.32453789]]
5,16,[[0.33154721]]
5,17,[[0.30232728]]
5,18,[[0.32123382]]
5,19,[[0.41164736]]
5,20,[[0.40429696]]
5,21,[[0.41601424]]
5,22,[[0.37535003]]
5,28,[[0.27092355]]
5,29,[[0.30527682]]
5,31,[[0.43150166]]
5,32,[[0.40523764]]
5,33,[[0.43210649]]
5,34,[[0.40064171]]
5,37,[[0.38005647]]
5,38,[[0.40019997]]
5,39,[[0.39119201]]
5,40,[[0.41218909]]
5,41,[[0.38114487]]
5,42,[[0.3966134]]
5,46,[[0.41752289]]
5,47,[[0.29871727]]
5,48,[[0.29650331]]
5,49,[[0.32679673]]
5,50,[[0.3803104]]
5,56,[[0.41766197]]
5,57,[[0.41119456]]
5,58,[[0.44938329]]
5,69,[[0.37347532]]
5,70,[[0.33964331]]
5,71,[[0.3297202]]
5,72,[[0.37603584]]
5,73,[[0.3615389]]
5,74,[[0.33878649]]
5,75,[[0.40990749]]
5,87,[[0.44416535]]
5,88,[[0.45793504]]
5,89,[[0.49299166]]
5,90,[[0.38946227]]
5,91,[[0.45297628]]
5,95,[[0.39243001]]
5,96,[[0.31042996]]
5,97,[[0.31177779]]
5,98,[[0.28169065]]
5,99,[[0.27523855]]
6,7,[[0.88393026]]
6,8,[[0.90695229]]
6,14,[[0.45829142]]
6,15,[[0.46828734]]
6,16,[[0.4474158]]
6,17,[[0.43067728]]
6,18,[[0.4138241]]
6,19,[[0.42504908]]
6,20,[[0.43958376]]
6,21,[[0.46506373]]
6,22,[[0.34114352]]
6,28,[[0.25062783]]
6,29,[[0.30787997]]
6,31,[[0.41422911]]
6,32,[[0.35357064]]
6,33,[[0.36755406]]
6,34,[[0.33898169]]
6,37,[[0.3623035]]
6,38,[[0.4222257]]
6,39,[[0.39028809]]
6,40,[[0.36725041]]
6,41,[[0.32924317]]
6,42,[[0.34825906]]
6,46,[[0.29911007]]
6,47,[[0.30741145]]
6,48,[[0.29765597]]
6,49,[[0.31816165]]
6,50,[[0.37889227]]
6,56,[[0.42887573]]
6,57,[[0.45077791]]
6,58,[[0.45987034]]
6,69,[[0.39941646]]
6,70,[[0.3786785]]
6,71,[[0.36889446]]
6,72,[[0.40486961]]
6,73,[[0.38901154]]
6,74,[[0.3136667]]
6,75,[[0.36348452]]
6,87,[[0.37339765]]
6,88,[[0.40612517]]
6,89,[[0.42174033]]
6,90,[[0.35504842]]
6,91,[[0.3857241]]
6,95,[[0.37040877]]
6,96,[[0.36455768]]
6,97,[[0.38881852]]
6,98,[[0.33426104]]
6,99,[[0.32787151]]
7,8,[[0.90385702]]
7,14,[[0.33067344]]
7,15,[[0.31264296]]
7,16,[[0.32494143]]
7,17,[[0.29474511]]
7,18,[[0.31421887]]
7,19,[[0.37224193]]
7,20,[[0.36762055]]
7,21,[[0.40396244]]
7,22,[[0.31490204]]
7,28,[[0.28346723]]
7,29,[[0.32200085]]
7,31,[[0.41599855]]
7,32,[[0.38685212]]
7,33,[[0.41727806]]
7,34,[[0.38676311]]
7,37,[[0.30039371]]
7,38,[[0.33563607]]
7,39,[[0.32166702]]
7,40,[[0.38944954]]
7,41,[[0.3608098]]
7,42,[[0.38115708]]
7,46,[[0.33585185]]
7,47,[[0.23347846]]
7,48,[[0.21817641]]
7,49,[[0.25091688]]
7,50,[[0.30700081]]
7,56,[[0.42229094]]
7,57,[[0.42052515]]
7,58,[[0.47071956]]
7,69,[[0.40223065]]
7,70,[[0.36502107]]
7,71,[[0.34535827]]
7,72,[[0.41716123]]
7,73,[[0.38655606]]
7,74,[[0.34290545]]
7,75,[[0.40173142]]
7,87,[[0.44252961]]
7,88,[[0.45974403]]
7,89,[[0.47204794]]
7,90,[[0.40890267]]
7,91,[[0.46225094]]
7,95,[[0.33499644]]
7,96,[[0.26107491]]
7,97,[[0.26871278]]
7,98,[[0.23377859]]
7,99,[[0.22110876]]
8,14,[[0.37770718]]
8,15,[[0.37974027]]
8,16,[[0.38486041]]
8,17,[[0.34451259]]
8,18,[[0.40523998]]
8,19,[[0.41640436]]
8,20,[[0.43293771]]
8,21,[[0.44467197]]
8,22,[[0.34016326]]
8,28,[[0.23863682]]
8,29,[[0.31120374]]
8,31,[[0.49485602]]
8,32,[[0.47595182]]
8,33,[[0.50213351]]
8,34,[[0.48216565]]
8,37,[[0.35593618]]
8,38,[[0.37389537]]
8,39,[[0.38066779]]
8,40,[[0.41081201]]
8,41,[[0.34980535]]
8,42,[[0.36437033]]
8,46,[[0.35904]]
8,47,[[0.28285103]]
8,48,[[0.26338152]]
8,49,[[0.29121131]]
8,50,[[0.34127376]]
8,56,[[0.42059234]]
8,57,[[0.41807989]]
8,58,[[0.38122474]]
8,69,[[0.42347318]]
8,70,[[0.40429898]]
8,71,[[0.40075394]]
8,72,[[0.41756546]]
8,73,[[0.40867598]]
8,74,[[0.30744271]]
8,75,[[0.35738863]]
8,87,[[0.45344412]]
8,88,[[0.48679396]]
8,89,[[0.44649444]]
8,90,[[0.39508509]]
8,91,[[0.48612128]]
8,95,[[0.22369736]]
8,96,[[0.20715808]]
8,97,[[0.22201611]]
8,98,[[0.17899744]]
8,99,[[0.18119568]]
14,15,[[0.81694941]]
14,16,[[0.9820833]]
14,17,[[0.97645077]]
14,18,[[0.91178983]]
14,19,[[0.40852509]]
14,20,[[0.39101391]]
14,21,[[0.45437855]]
14,22,[[0.3648629]]
14,28,[[0.39724837]]
14,29,[[0.4357056]]
14,31,[[0.38388673]]
14,32,[[0.36030202]]
14,33,[[0.37875667]]
14,34,[[0.36888831]]
14,37,[[0.35784442]]
14,38,[[0.33397196]]
14,39,[[0.36996482]]
14,40,[[0.39804797]]
14,41,[[0.37447494]]
14,42,[[0.35720714]]
14,46,[[0.39786175]]
14,47,[[0.44385115]]
14,48,[[0.44035061]]
14,49,[[0.43371798]]
14,50,[[0.47603548]]
14,56,[[0.44378343]]
14,57,[[0.49994936]]
14,58,[[0.41962456]]
14,69,[[0.36798658]]
14,70,[[0.39948984]]
14,71,[[0.35501434]]
14,72,[[0.41774755]]
14,73,[[0.40158368]]
14,74,[[0.42290431]]
14,75,[[0.36848574]]
14,87,[[0.33053553]]
14,88,[[0.29455576]]
14,89,[[0.30925469]]
14,90,[[0.27548235]]
14,91,[[0.30964819]]
14,95,[[0.35278116]]
14,96,[[0.40452539]]
14,97,[[0.4276193]]
14,98,[[0.38196058]]
14,99,[[0.39162054]]
15,16,[[0.80668484]]
15,17,[[0.78761925]]
15,18,[[0.71759916]]
15,19,[[0.46696729]]
15,20,[[0.41242046]]
15,21,[[0.42900331]]
15,22,[[0.28554894]]
15,28,[[0.3250674]]
15,29,[[0.36510491]]
15,31,[[0.47030818]]
15,32,[[0.41294529]]
15,33,[[0.42166589]]
15,34,[[0.44688481]]
15,37,[[0.38153082]]
15,38,[[0.42148535]]
15,39,[[0.36924137]]
15,40,[[0.36650192]]
15,41,[[0.33835244]]
15,42,[[0.33860853]]
15,46,[[0.33947956]]
15,47,[[0.39276457]]
15,48,[[0.38831895]]
15,49,[[0.4094609]]
15,50,[[0.37563802]]
15,56,[[0.35896235]]
15,57,[[0.4009416]]
15,58,[[0.41522027]]
15,69,[[0.29697826]]
15,70,[[0.31098291]]
15,71,[[0.29652606]]
15,72,[[0.36039812]]
15,73,[[0.35375126]]
15,74,[[0.35484395]]
15,75,[[0.37296975]]
15,87,[[0.31682067]]
15,88,[[0.31744679]]
15,89,[[0.3962286]]
15,90,[[0.34639921]]
15,91,[[0.34336435]]
15,95,[[0.39140591]]
15,96,[[0.44444585]]
15,97,[[0.46562713]]
15,98,[[0.44818936]]
15,99,[[0.46181678]]
16,17,[[0.98224691]]
16,18,[[0.91931767]]
16,19,[[0.41476824]]
16,20,[[0.41079977]]
16,21,[[0.46441118]]
16,22,[[0.37355071]]
16,28,[[0.3503051]]
16,29,[[0.40311244]]
16,31,[[0.38304847]]
16,32,[[0.36035743]]
16,33,[[0.37765671]]
16,34,[[0.36927268]]
16,37,[[0.39763155]]
16,38,[[0.35763253]]
16,39,[[0.41001494]]
16,40,[[0.3844967]]
16,41,[[0.37566807]]
16,42,[[0.36399917]]
16,46,[[0.35987508]]
16,47,[[0.37965638]]
16,48,[[0.38684876]]
16,49,[[0.38339737]]
16,50,[[0.41543504]]
16,56,[[0.43978134]]
16,57,[[0.50177545]]
16,58,[[0.42343805]]
16,69,[[0.39942863]]
16,70,[[0.43019515]]
16,71,[[0.37495488]]
16,72,[[0.45278399]]
16,73,[[0.43410752]]
16,74,[[0.38744631]]
16,75,[[0.3285765]]
16,87,[[0.31526772]]
16,88,[[0.27174869]]
16,89,[[0.28327001]]
16,90,[[0.26697105]]
16,91,[[0.2967609]]
16,95,[[0.32816465]]
16,96,[[0.41986469]]
16,97,[[0.43632129]]
16,98,[[0.3859409]]
16,99,[[0.40811166]]
17,18,[[0.88396694]]
17,19,[[0.39704641]]
17,20,[[0.38780587]]
17,21,[[0.43813642]]
17,22,[[0.34611687]]
17,28,[[0.36553197]]
17,29,[[0.41242713]]
17,31,[[0.33138665]]
17,32,[[0.28781689]]
17,33,[[0.30458267]]
17,34,[[0.29970043]]
17,37,[[0.38383343]]
17,38,[[0.35637092]]
17,39,[[0.40052136]]
17,40,[[0.3530803]]
17,41,[[0.32903862]]
17,42,[[0.32918567]]
17,46,[[0.36433309]]
17,47,[[0.40909141]]
17,48,[[0.41167293]]
17,49,[[0.39803084]]
17,50,[[0.42834015]]
17,56,[[0.4257719]]
17,57,[[0.48273845]]
17,58,[[0.41574748]]
17,69,[[0.32651746]]
17,70,[[0.35887383]]
17,71,[[0.30389826]]
17,72,[[0.38193101]]
17,73,[[0.35429799]]
17,74,[[0.39455082]]
17,75,[[0.33961521]]
17,87,[[0.28281638]]
17,88,[[0.24477795]]
17,89,[[0.2691451]]
17,90,[[0.24302457]]
17,91,[[0.27565676]]
17,95,[[0.35584813]]
17,96,[[0.45340313]]
17,97,[[0.47334847]]
17,98,[[0.41999663]]
17,99,[[0.43690982]]
18,19,[[0.34365961]]
18,20,[[0.34652077]]
18,21,[[0.39335071]]
18,22,[[0.32876032]]
18,28,[[0.36243959]]
18,29,[[0.43022436]]
18,31,[[0.41865227]]
18,32,[[0.40528876]]
18,33,[[0.41967276]]
18,34,[[0.41692511]]
18,37,[[0.42454677]]
18,38,[[0.38040204]]
18,39,[[0.44240139]]
18,40,[[0.45999607]]
18,41,[[0.43440378]]
18,42,[[0.38445499]]
18,46,[[0.23332054]]
18,47,[[0.23200725]]
18,48,[[0.2574015]]
18,49,[[0.25574928]]
18,50,[[0.27732161]]
18,56,[[0.37088363]]
18,57,[[0.41316298]]
18,58,[[0.32572169]]
18,69,[[0.36712331]]
18,70,[[0.40772931]]
18,71,[[0.32057804]]
18,72,[[0.41993727]]
18,73,[[0.3939218]]
18,74,[[0.44707731]]
18,75,[[0.3695912]]
18,87,[[0.4006707]]
18,88,[[0.34883061]]
18,89,[[0.32882361]]
18,90,[[0.34802824]]
18,91,[[0.38012739]]
18,95,[[0.23109756]]
18,96,[[0.31152648]]
18,97,[[0.32722322]]
18,98,[[0.27155494]]
18,99,[[0.29019625]]
19,20,[[0.98036988]]
19,21,[[0.91272359]]
19,22,[[0.91126934]]
19,28,[[0.19682581]]
19,29,[[0.37714474]]
19,31,[[0.34176147]]
19,32,[[0.38589021]]
19,33,[[0.39640936]]
19,34,[[0.38733884]]
19,37,[[0.43513294]]
19,38,[[0.38809097]]
19,39,[[0.379945]]
19,40,[[0.33277828]]
19,41,[[0.28498481]]
19,42,[[0.35714612]]
19,46,[[0.3302709]]
19,47,[[0.33757199]]
19,48,[[0.3083519]]
19,49,[[0.28849718]]
19,50,[[0.28890638]]
19,56,[[0.42600878]]
19,57,[[0.43965096]]
19,58,[[0.39977781]]
19,69,[[0.35345328]]
19,70,[[0.35767346]]
19,71,[[0.42103444]]
19,72,[[0.33350999]]
19,73,[[0.40577901]]
19,74,[[0.33149836]]
19,75,[[0.46151932]]
19,87,[[0.34928835]]
19,88,[[0.29443146]]
19,89,[[0.29301524]]
19,90,[[0.31818461]]
19,91,[[0.33109579]]
19,95,[[0.41784556]]
19,96,[[0.38539322]]
19,97,[[0.39214528]]
19,98,[[0.41074678]]
19,99,[[0.47120509]]
20,21,[[0.91205265]]
20,22,[[0.90544636]]
20,28,[[0.16301862]]
20,29,[[0.35597647]]
20,31,[[0.3397951]]
20,32,[[0.3895971]]
20,33,[[0.39855551]]
20,34,[[0.38781817]]
20,37,[[0.45335131]]
20,38,[[0.41265933]]
20,39,[[0.40985668]]
20,40,[[0.29245619]]
20,41,[[0.22698603]]
20,42,[[0.29185325]]
20,46,[[0.30323036]]
20,47,[[0.32125559]]
20,48,[[0.29491597]]
20,49,[[0.26483116]]
20,50,[[0.28006097]]
20,56,[[0.42941808]]
20,57,[[0.45402017]]
20,58,[[0.38909652]]
20,69,[[0.3702554]]
20,70,[[0.36433048]]
20,71,[[0.42587245]]
20,72,[[0.34720636]]
20,73,[[0.41508844]]
20,74,[[0.3122187]]
20,75,[[0.44374381]]
20,87,[[0.29019513]]
20,88,[[0.21967418]]
20,89,[[0.20246284]]
20,90,[[0.26760036]]
20,91,[[0.2670632]]
20,95,[[0.43584356]]
20,96,[[0.4066387]]
20,97,[[0.41240852]]
20,98,[[0.42570074]]
20,99,[[0.48622478]]
21,22,[[0.83143411]]
21,28,[[0.11956807]]
21,29,[[0.31164924]]
21,31,[[0.1759863]]
21,32,[[0.26539316]]
21,33,[[0.2626839]]
21,34,[[0.26051116]]
21,37,[[0.29426614]]
21,38,[[0.2590236]]
21,39,[[0.23601812]]
21,40,[[0.36092382]]
21,41,[[0.31840079]]
21,42,[[0.36815175]]
21,46,[[0.23528033]]
21,47,[[0.22549212]]
21,48,[[0.20117012]]
21,49,[[0.19625542]]
21,50,[[0.21194501]]
21,56,[[0.42737184]]
21,57,[[0.44024363]]
21,58,[[0.45214973]]
21,69,[[0.386202]]
21,70,[[0.38726032]]
21,71,[[0.46789564]]
21,72,[[0.36693766]]
21,73,[[0.4519657]]
21,74,[[0.25563377]]
21,75,[[0.37191729]]
21,87,[[0.38500431]]
21,88,[[0.31651809]]
21,89,[[0.30503636]]
21,90,[[0.33414902]]
21,91,[[0.35621373]]
21,95,[[0.39340065]]
21,96,[[0.33837991]]
21,97,[[0.37019087]]
21,98,[[0.35627351]]
21,99,[[0.41437647]]
22,28,[[0.30907862]]
22,29,[[0.45624716]]
22,31,[[0.31152888]]
22,32,[[0.35902065]]
22,33,[[0.36026102]]
22,34,[[0.34646205]]
22,37,[[0.43425901]]
22,38,[[0.36606436]]
22,39,[[0.38979202]]
22,40,[[0.3182245]]
22,41,[[0.30769342]]
22,42,[[0.36532796]]
22,46,[[0.31983307]]
22,47,[[0.31859205]]
22,48,[[0.31101801]]
22,49,[[0.27322035]]
22,50,[[0.30947909]]
22,56,[[0.42521456]]
22,57,[[0.44176358]]
22,58,[[0.33751227]]
22,69,[[0.38074462]]
22,70,[[0.37967958]]
22,71,[[0.40793865]]
22,72,[[0.33583815]]
22,73,[[0.40635757]]
22,74,[[0.42442268]]
22,75,[[0.50284814]]
22,87,[[0.40837968]]
22,88,[[0.33104262]]
22,89,[[0.34075595]]
22,90,[[0.31851619]]
22,91,[[0.3488472]]
22,95,[[0.3635322]]
22,96,[[0.34962379]]
22,97,[[0.3355312]]
22,98,[[0.36500429]]
22,99,[[0.42291377]]
28,29,[[0.92518352]]
28,31,[[0.46283972]]
28,32,[[0.43935898]]
28,33,[[0.43601357]]
28,34,[[0.44553668]]
28,37,[[0.28082869]]
28,38,[[0.29753393]]
28,39,[[0.29998004]]
28,40,[[0.38125881]]
28,41,[[0.37746434]]
28,42,[[0.37658986]]
28,46,[[0.37196682]]
28,47,[[0.47135853]]
28,48,[[0.45303512]]
28,49,[[0.42102858]]
28,50,[[0.46890446]]
28,56,[[0.48821271]]
28,57,[[0.46656281]]
28,58,[[0.39983634]]
28,69,[[0.44645935]]
28,70,[[0.42016991]]
28,71,[[0.25360421]]
28,72,[[0.43355959]]
28,73,[[0.4093294]]
28,74,[[0.93728354]]
28,75,[[0.86226967]]
28,87,[[0.40215492]]
28,88,[[0.3905656]]
28,89,[[0.41521458]]
28,90,[[0.35906872]]
28,91,[[0.37843775]]
28,95,[[0.40303187]]
28,96,[[0.42119982]]
28,97,[[0.38472688]]
28,98,[[0.45003203]]
28,99,[[0.39496045]]
29,31,[[0.35271459]]
29,32,[[0.35825408]]
29,33,[[0.3451989]]
29,34,[[0.37219591]]
29,37,[[0.31484323]]
29,38,[[0.32423682]]
29,39,[[0.30725428]]
29,40,[[0.43083117]]
29,41,[[0.42114758]]
29,42,[[0.4192729]]
29,46,[[0.32257361]]
29,47,[[0.4242366]]
29,48,[[0.41178087]]
29,49,[[0.36425736]]
29,50,[[0.41765815]]
29,56,[[0.47568945]]
29,57,[[0.47270605]]
29,58,[[0.42013778]]
29,69,[[0.48261912]]
29,70,[[0.4800036]]
29,71,[[0.29655234]]
29,72,[[0.46722799]]
29,73,[[0.46083341]]
29,74,[[0.97856992]]
29,75,[[0.93165661]]
29,87,[[0.44759085]]
29,88,[[0.42839202]]
29,89,[[0.42970742]]
29,90,[[0.38406371]]
29,91,[[0.41798474]]
29,95,[[0.33597727]]
29,96,[[0.34669922]]
29,97,[[0.30244676]]
29,98,[[0.36573372]]
29,99,[[0.33952672]]
31,32,[[0.91866697]]
31,33,[[0.92937405]]
31,34,[[0.92996029]]
31,37,[[0.39854747]]
31,38,[[0.36833738]]
31,39,[[0.4284706]]
31,40,[[0.39671822]]
31,41,[[0.30056953]]
31,42,[[0.32110528]]
31,46,[[0.35102059]]
31,47,[[0.33246977]]
31,48,[[0.31006781]]
31,49,[[0.31110139]]
31,50,[[0.31093894]]
31,56,[[0.39388637]]
31,57,[[0.39622933]]
31,58,[[0.23806991]]
31,69,[[0.33376978]]
31,70,[[0.30608198]]
31,71,[[0.3024617]]
31,72,[[0.3584227]]
31,73,[[0.33210889]]
31,74,[[0.38458232]]
31,75,[[0.38023914]]
31,87,[[0.25186246]]
31,88,[[0.23703804]]
31,89,[[0.20799882]]
31,90,[[0.29240392]]
31,91,[[0.2425676]]
31,95,[[0.43041154]]
31,96,[[0.47707045]]
31,97,[[0.46927324]]
31,98,[[0.49552673]]
31,99,[[0.47163092]]
32,33,[[0.98177251]]
32,34,[[0.98678602]]
32,37,[[0.31238412]]
32,38,[[0.29175857]]
32,39,[[0.32503664]]
32,40,[[0.35368005]]
32,41,[[0.29562399]]
32,42,[[0.30173329]]
32,46,[[0.36488522]]
32,47,[[0.32645473]]
32,48,[[0.30930642]]
32,49,[[0.311815]]
32,50,[[0.32014861]]
32,56,[[0.48116984]]
32,57,[[0.47815151]]
32,58,[[0.31567168]]
32,69,[[0.34686184]]
32,70,[[0.3321003]]
32,71,[[0.35580602]]
32,72,[[0.34115564]]
32,73,[[0.36657719]]
32,74,[[0.38213755]]
32,75,[[0.41215129]]
32,87,[[0.33661477]]
32,88,[[0.29725216]]
32,89,[[0.2120988]]
32,90,[[0.35244662]]
32,91,[[0.30198752]]
32,95,[[0.39913926]]
32,96,[[0.43390712]]
32,97,[[0.42327042]]
32,98,[[0.46650182]]
32,99,[[0.43584928]]
33,34,[[0.98144936]]
33,37,[[0.32868704]]
33,38,[[0.28490812]]
33,39,[[0.35803904]]
33,40,[[0.37861679]]
33,41,[[0.32582508]]
33,42,[[0.3385447]]
33,46,[[0.39929342]]
33,47,[[0.35363028]]
33,48,[[0.33486648]]
33,49,[[0.33590127]]
33,50,[[0.338192]]
33,56,[[0.45284251]]
33,57,[[0.45503746]]
33,58,[[0.29246221]]
33,69,[[0.34488617]]
33,70,[[0.32177068]]
33,71,[[0.34174075]]
33,72,[[0.35774615]]
33,73,[[0.35904905]]
33,74,[[0.36282371]]
33,75,[[0.39267944]]
33,87,[[0.31734835]]
33,88,[[0.27974377]]
33,89,[[0.22059602]]
33,90,[[0.31282439]]
33,91,[[0.29035471]]
33,95,[[0.39278507]]
33,96,[[0.43129448]]
33,97,[[0.42351553]]
33,98,[[0.45670982]]
33,99,[[0.43516407]]
34,37,[[0.32995201]]
34,38,[[0.31045055]]
34,39,[[0.34380989]]
34,40,[[0.39883084]]
34,41,[[0.32697491]]
34,42,[[0.33380436]]
34,46,[[0.37102015]]
34,47,[[0.34283898]]
34,48,[[0.3251891]]
34,49,[[0.32886808]]
34,50,[[0.31919935]]
34,56,[[0.43486894]]
34,57,[[0.43434634]]
34,58,[[0.28276153]]
34,69,[[0.36351082]]
34,70,[[0.34216768]]
34,71,[[0.36028321]]
34,72,[[0.3719668]]
34,73,[[0.3793567]]
34,74,[[0.39070704]]
34,75,[[0.42702661]]
34,87,[[0.34327362]]
34,88,[[0.30712592]]
34,89,[[0.23122449]]
34,90,[[0.35057252]]
34,91,[[0.31783969]]
34,95,[[0.38870323]]
34,96,[[0.42860144]]
34,97,[[0.41293422]]
34,98,[[0.4570289]]
34,99,[[0.43081428]]
37,38,[[0.93942297]]
37,39,[[0.98023035]]
37,40,[[0.44493772]]
37,41,[[0.39198669]]
37,42,[[0.34545905]]
37,46,[[0.38355261]]
37,47,[[0.38880963]]
37,48,[[0.38963246]]
37,49,[[0.36969749]]
37,50,[[0.37199484]]
37,56,[[0.4865322]]
37,57,[[0.47839426]]
37,58,[[0.43246244]]
37,69,[[0.46279468]]
37,70,[[0.44393771]]
37,71,[[0.42003687]]
37,72,[[0.45532421]]
37,73,[[0.41055868]]
37,74,[[0.37595563]]
37,75,[[0.33879392]]
37,87,[[0.38217265]]
37,88,[[0.3953625]]
37,89,[[0.39726111]]
37,90,[[0.35279342]]
37,91,[[0.40394764]]
37,95,[[0.42234113]]
37,96,[[0.43824793]]
37,97,[[0.40275052]]
37,98,[[0.42837184]]
37,99,[[0.44090285]]
38,39,[[0.93237811]]
38,40,[[0.38548967]]
38,41,[[0.31882631]]
38,42,[[0.27333639]]
38,46,[[0.34551584]]
38,47,[[0.39988915]]
38,48,[[0.3983004]]
38,49,[[0.37733819]]
38,50,[[0.37525176]]
38,56,[[0.46539584]]
38,57,[[0.4651069]]
38,58,[[0.42460246]]
38,69,[[0.44287329]]
38,70,[[0.40434106]]
38,71,[[0.39334425]]
38,72,[[0.43157503]]
38,73,[[0.39144081]]
38,74,[[0.4052011]]
38,75,[[0.39361531]]
38,87,[[0.40336908]]
38,88,[[0.41466302]]
38,89,[[0.40710131]]
38,90,[[0.40045521]]
38,91,[[0.43203813]]
38,95,[[0.43392328]]
38,96,[[0.42337157]]
38,97,[[0.39578753]]
38,98,[[0.41990168]]
38,99,[[0.40884445]]
39,40,[[0.39322907]]
39,41,[[0.35561468]]
39,42,[[0.31071508]]
39,46,[[0.40140441]]
39,47,[[0.40471849]]
39,48,[[0.41870457]]
39,49,[[0.38875142]]
39,50,[[0.38515152]]
39,56,[[0.42322916]]
39,57,[[0.42478992]]
39,58,[[0.3595037]]
39,69,[[0.46473716]]
39,70,[[0.43765331]]
39,71,[[0.39395174]]
39,72,[[0.47290071]]
39,73,[[0.40317665]]
39,74,[[0.37632048]]
39,75,[[0.32513893]]
39,87,[[0.36859349]]
39,88,[[0.36905985]]
39,89,[[0.39347352]]
39,90,[[0.34219347]]
39,91,[[0.38654313]]
39,95,[[0.43616865]]
39,96,[[0.46691864]]
39,97,[[0.43105625]]
39,98,[[0.44173204]]
39,99,[[0.45135423]]
40,41,[[0.89775325]]
40,42,[[0.89832562]]
40,46,[[0.20935449]]
40,47,[[0.25272801]]
40,48,[[0.22391397]]
40,49,[[0.22844031]]
40,50,[[0.20891835]]
40,56,[[0.42170585]]
40,57,[[0.381781]]
40,58,[[0.45086702]]
40,69,[[0.4231504]]
40,70,[[0.40395316]]
40,71,[[0.39242663]]
40,72,[[0.44368641]]
40,73,[[0.43849207]]
40,74,[[0.39750241]]
40,75,[[0.42509892]]
40,87,[[0.31420216]]
40,88,[[0.34844988]]
40,89,[[0.34976848]]
40,90,[[0.17294796]]
40,91,[[0.29944072]]
40,95,[[0.35268256]]
40,96,[[0.36899054]]
40,97,[[0.36644641]]
40,98,[[0.36013425]]
40,99,[[0.3701195]]
41,42,[[0.97659137]]
41,46,[[0.20729168]]
41,47,[[0.19477882]]
41,48,[[0.21219745]]
41,49,[[0.21164708]]
41,50,[[0.18456843]]
41,56,[[0.31799446]]
41,57,[[0.28731924]]
41,58,[[0.36970004]]
41,69,[[0.39553275]]
41,70,[[0.39576907]]
41,71,[[0.34295203]]
41,72,[[0.43408453]]
41,73,[[0.40926233]]
41,74,[[0.38942433]]
41,75,[[0.4127889]]
41,87,[[0.37740685]]
41,88,[[0.39564675]]
41,89,[[0.426725]]
41,90,[[0.20494739]]
41,91,[[0.35083488]]
41,95,[[0.23169244]]
41,96,[[0.2928105]]
41,97,[[0.28456926]]
41,98,[[0.27385245]]
41,99,[[0.29606419]]
42,46,[[0.21731782]]
42,47,[[0.21987656]]
42,48,[[0.22691575]]
42,49,[[0.22558]]
42,50,[[0.18616963]]
42,56,[[0.32661328]]
42,57,[[0.29233153]]
42,58,[[0.38423211]]
42,69,[[0.37879157]]
42,70,[[0.36932374]]
42,71,[[0.31780911]]
42,72,[[0.41134106]]
42,73,[[0.40285426]]
42,74,[[0.37306588]]
42,75,[[0.41823092]]
42,87,[[0.33723337]]
42,88,[[0.3541482]]
42,89,[[0.39234615]]
42,90,[[0.1687498]]
42,91,[[0.31584082]]
42,95,[[0.26390986]]
42,96,[[0.34624027]]
42,97,[[0.33396998]]
42,98,[[0.32337451]]
42,99,[[0.34888431]]
46,47,[[0.89527427]]
46,48,[[0.91104267]]
46,49,[[0.9140638]]
46,50,[[0.90591449]]
46,56,[[0.21142158]]
46,57,[[0.19203301]]
46,58,[[0.13103379]]
46,69,[[0.42787668]]
46,70,[[0.43541916]]
46,71,[[0.42389899]]
46,72,[[0.42538576]]
46,73,[[0.42449216]]
46,74,[[0.34488062]]
46,75,[[0.32155689]]
46,87,[[0.26385686]]
46,88,[[0.27365561]]
46,89,[[0.27323654]]
46,90,[[0.08136217]]
46,91,[[0.26093815]]
46,95,[[0.41333329]]
46,96,[[0.32238958]]
46,97,[[0.26285005]]
46,98,[[0.30686137]]
46,99,[[0.27794621]]
47,48,[[0.97846209]]
47,49,[[0.96648472]]
47,50,[[0.96817055]]
47,56,[[0.31596859]]
47,57,[[0.30109979]]
47,58,[[0.23618982]]
47,69,[[0.45844196]]
47,70,[[0.45410201]]
47,71,[[0.45685577]]
47,72,[[0.43878847]]
47,73,[[0.43707616]]
47,74,[[0.42488599]]
47,75,[[0.40938786]]
47,87,[[0.21188578]]
47,88,[[0.23997129]]
47,89,[[0.1892376]]
47,90,[[0.07398905]]
47,91,[[0.21049272]]
47,95,[[0.44494298]]
47,96,[[0.39471711]]
47,97,[[0.33034513]]
47,98,[[0.39254603]]
47,99,[[0.33818529]]
48,49,[[0.98574496]]
48,50,[[0.96418739]]
48,56,[[0.20564989]]
48,57,[[0.19575717]]
48,58,[[0.1509665]]
48,69,[[0.43968604]]
48,70,[[0.44466229]]
48,71,[[0.42411421]]
48,72,[[0.43468996]]
48,73,[[0.42177955]]
48,74,[[0.42722854]]
48,75,[[0.39807164]]
48,87,[[0.24630861]]
48,88,[[0.25543146]]
48,89,[[0.23596997]]
48,90,[[0.08735298]]
48,91,[[0.22821187]]
48,95,[[0.44156952]]
48,96,[[0.41597813]]
48,97,[[0.33792736]]
48,98,[[0.3930147]]
48,99,[[0.34524167]]
49,50,[[0.96869836]]
49,56,[[0.2025813]]
49,57,[[0.17984843]]
49,58,[[0.16396563]]
49,69,[[0.44439409]]
49,70,[[0.45286049]]
49,71,[[0.45054365]]
49,72,[[0.4400434]]
49,73,[[0.42898854]]
49,74,[[0.38782132]]
49,75,[[0.36052764]]
49,87,[[0.24739452]]
49,88,[[0.27171823]]
49,89,[[0.23917234]]
49,90,[[0.09023584]]
49,91,[[0.24161885]]
49,95,[[0.40599961]]
49,96,[[0.38099402]]
49,97,[[0.3058757]]
49,98,[[0.35833515]]
49,99,[[0.30875343]]
50,56,[[0.32787949]]
50,57,[[0.31652481]]
50,58,[[0.25255003]]
50,69,[[0.45553796]]
50,70,[[0.46156171]]
50,71,[[0.45964194]]
50,72,[[0.43349737]]
50,73,[[0.42792106]]
50,74,[[0.43349953]]
50,75,[[0.39410248]]
50,87,[[0.23513023]]
50,88,[[0.2664957]]
50,89,[[0.21811149]]
50,90,[[0.06791707]]
50,91,[[0.22309198]]
50,95,[[0.39355754]]
50,96,[[0.34086001]]
50,97,[[0.27962346]]
50,98,[[0.33237189]]
50,99,[[0.2793174]]
56,57,[[0.98025972]]
56,58,[[0.91876533]]
56,69,[[0.38321641]]
56,70,[[0.35395901]]
56,71,[[0.39804272]]
56,72,[[0.31220254]]
56,73,[[0.36796892]]
56,74,[[0.45398038]]
56,75,[[0.46118876]]
56,87,[[0.38535589]]
56,88,[[0.4110729]]
56,89,[[0.30641246]]
56,90,[[0.39113216]]
56,91,[[0.41023104]]
56,95,[[0.39551019]]
56,96,[[0.40068152]]
56,97,[[0.42014995]]
56,98,[[0.46990682]]
56,99,[[0.42676718]]
57,58,[[0.89886243]]
57,69,[[0.39719937]]
57,70,[[0.36998221]]
57,71,[[0.4028257]]
57,72,[[0.34099917]]
57,73,[[0.38422003]]
57,74,[[0.4410489]]
57,75,[[0.43959209]]
57,87,[[0.377553]]
57,88,[[0.39584796]]
57,89,[[0.2983441]]
57,90,[[0.3815791]]
57,91,[[0.385727]]
57,95,[[0.37681627]]
57,96,[[0.39523701]]
57,97,[[0.41769555]]
57,98,[[0.46040517]]
57,99,[[0.42417715]]
58,69,[[0.33804619]]
58,70,[[0.30328851]]
58,71,[[0.33777576]]
58,72,[[0.30378422]]
58,73,[[0.33761317]]
58,74,[[0.39323104]]
58,75,[[0.41726086]]
58,87,[[0.36081855]]
58,88,[[0.39192625]]
58,89,[[0.36015403]]
58,90,[[0.37003844]]
58,91,[[0.39131299]]
58,95,[[0.45001955]]
58,96,[[0.46289597]]
58,97,[[0.47481264]]
58,98,[[0.51359878]]
58,99,[[0.47674713]]
69,70,[[0.98350519]]
69,71,[[0.90847265]]
69,72,[[0.9789182]]
69,73,[[0.98650979]]
69,74,[[0.47181081]]
69,75,[[0.39002543]]
69,87,[[0.42723411]]
69,88,[[0.40971209]]
69,89,[[0.31453175]]
69,90,[[0.35844796]]
69,91,[[0.38774633]]
69,95,[[0.3572528]]
69,96,[[0.30793481]]
69,97,[[0.24934663]]
69,98,[[0.29533369]]
69,99,[[0.27045312]]
70,71,[[0.92815178]]
70,72,[[0.96665461]]
70,73,[[0.97333007]]
70,74,[[0.46175933]]
70,75,[[0.36332449]]
70,87,[[0.45186339]]
70,88,[[0.44087853]]
70,89,[[0.32329093]]
70,90,[[0.37351942]]
70,91,[[0.41015277]]
70,95,[[0.28830121]]
70,96,[[0.25756654]]
70,97,[[0.19612791]]
70,98,[[0.24306675]]
70,99,[[0.22107477]]
71,72,[[0.88653498]]
71,73,[[0.90233639]]
71,74,[[0.27086028]]
71,75,[[0.21176468]]
71,87,[[0.42476341]]
71,88,[[0.42516188]]
71,89,[[0.2791015]]
71,90,[[0.35767847]]
71,91,[[0.38981554]]
71,95,[[0.28952948]]
71,96,[[0.23217538]]
71,97,[[0.19971845]]
71,98,[[0.24328996]]
71,99,[[0.22333597]]
72,73,[[0.96561723]]
72,74,[[0.45370856]]
72,75,[[0.36682822]]
72,87,[[0.39997892]]
72,88,[[0.38070416]]
72,89,[[0.32068727]]
72,90,[[0.3282261]]
72,91,[[0.36360073]]
72,95,[[0.36838799]]
72,96,[[0.34019842]]
72,97,[[0.28684733]]
72,98,[[0.31756303]]
72,99,[[0.30099901]]
73,74,[[0.44335376]]
73,75,[[0.38144492]]
73,87,[[0.41716891]]
73,88,[[0.38605234]]
73,89,[[0.30133327]]
73,90,[[0.35302041]]
73,91,[[0.37059597]]
73,95,[[0.38713707]]
73,96,[[0.32887563]]
73,97,[[0.27544626]]
73,98,[[0.317635]]
73,99,[[0.29967353]]
74,75,[[0.94004431]]
74,87,[[0.48553512]]
74,88,[[0.45802556]]
74,89,[[0.45695228]]
74,90,[[0.44019591]]
74,91,[[0.45469665]]
74,95,[[0.36640441]]
74,96,[[0.35509522]]
74,97,[[0.30673795]]
74,98,[[0.36851019]]
74,99,[[0.33100941]]
75,87,[[0.38970598]]
75,88,[[0.35159858]]
75,89,[[0.37100822]]
75,90,[[0.38561996]]
75,91,[[0.37188499]]
75,95,[[0.4589072]]
75,96,[[0.42932755]]
75,97,[[0.39831413]]
75,98,[[0.45447991]]
75,99,[[0.43299885]]
87,88,[[0.97411297]]
87,89,[[0.8922099]]
87,90,[[0.89802897]]
87,91,[[0.97756242]]
87,95,[[0.05234747]]
87,96,[[0.04114863]]
87,97,[[-0.00205012]]
87,98,[[0.04304117]]
87,99,[[0.00067527]]
88,89,[[0.89962121]]
88,90,[[0.85937728]]
88,91,[[0.97197689]]
88,95,[[-0.02439928]]
88,96,[[-0.02740303]]
88,97,[[-0.06635983]]
88,98,[[-0.0196405]]
88,99,[[-0.06676492]]
89,90,[[0.75991812]]
89,91,[[0.88481726]]
89,95,[[0.14124393]]
89,96,[[0.13782291]]
89,97,[[0.10966632]]
89,98,[[0.13574473]]
89,99,[[0.12039996]]
90,91,[[0.890192]]
90,95,[[0.14818012]]
90,96,[[0.12391959]]
90,97,[[0.10024542]]
90,98,[[0.13916082]]
90,99,[[0.08777749]]
91,95,[[0.0194801]]
91,96,[[0.0149591]]
91,97,[[-0.02249743]]
91,98,[[0.02320143]]
91,99,[[-0.02269378]]
95,96,[[0.91243148]]
95,97,[[0.90914285]]
95,98,[[0.92197274]]
95,99,[[0.90312885]]
96,97,[[0.98380387]]
96,98,[[0.9870982]]
96,99,[[0.97895884]]
97,98,[[0.9822967]]
97,99,[[0.98314694]]
98,99,[[0.98633123]]